ELO_name,Opta_name,Country,Level,Elo,Rating,predicted_Elo,error
Arsenal,Arsenal,ENG,1.0,2038.4,100.0,2001.11,37.0
Man City,Manchester City,ENG,1.0,1997.46,98.2,1960.46,37.0
Bayern,Bayern München,GER,1.0,1992.89,98.3,1962.72,30.0
Liverpool,Liverpool,ENG,1.0,1979.06,96.9,1931.11,48.0
Paris Sg,Paris Saint-Germain,FRA,1.0,1967.82,96.1,1913.04,55.0
Real Madrid,Real Madrid,ESP,1.0,1946.42,95.2,1892.72,54.0
Barcelona,Barcelona,ESP,1.0,1933.01,94.9,1885.95,47.0
Inter,Internazionale,ITA,1.0,1932.88,93.3,1849.82,83.0
Chelsea,Chelsea,ENG,1.0,1906.93,94.7,1881.43,26.0
Aston Villa,Aston Villa,ENG,1.0,1886.15,93.9,1863.37,23.0
Atletico,Atlético De Madrid,ESP,1.0,1872.92,92.2,1824.98,48.0
Newcastle,Newcastle United,ENG,1.0,1866.84,93.2,1847.56,19.0
Crystal Palace,Crystal Palace,ENG,1.0,1857.01,93.4,1852.08,5.0
Leverkusen,Bayer Leverkusen,GER,1.0,1851.77,90.6,1788.85,63.0
Dortmund,Borussia Dortmund,GER,1.0,1851.58,92.1,1822.72,29.0
Brighton,Brighton & Hove Albion,ENG,1.0,1846.71,92.4,1829.5,17.0
Bournemouth,Afc Bournemouth,ENG,1.0,1834.44,91.4,1806.92,28.0
Man United,Manchester United,ENG,1.0,1834.22,91.2,1802.4,32.0
Tottenham,Tottenham Hotspur,ENG,1.0,1830.28,91.5,1809.18,21.0
Brentford,Brentford,ENG,1.0,1829.36,91.3,1804.66,25.0
Napoli,Napoli,ITA,1.0,1808.5,89.7,1768.53,40.0
Roma,Roma,ITA,1.0,1805.46,88.7,1745.95,60.0
Everton,Everton,ENG,1.0,1803.58,89.3,1759.5,44.0
Sporting,Sporting Cp,POR,1.0,1798.91,89.1,1754.98,44.0
Milan,Milan,ITA,1.0,1797.34,89.4,1761.76,36.0
Villarreal,Villarreal,ESP,1.0,1792.23,88.4,1739.18,53.0
Psv,Psv,NED,1.0,1791.49,88.2,1734.66,57.0
Juventus,Juventus,ITA,1.0,1783.89,87.9,1727.89,56.0
Atalanta,Atalanta,ITA,1.0,1782.89,88.8,1748.21,35.0
Fulham,Fulham,ENG,1.0,1778.93,88.4,1739.18,40.0
Rb Leipzig,Rb Leipzig,GER,1.0,1767.08,89.0,1752.73,14.0
Benfica,Benfica,POR,1.0,1766.75,88.8,1748.21,19.0
Forest,Nottingham Forest,ENG,1.0,1764.13,87.5,1718.86,45.0
Frankfurt,Eintracht Frankfurt,GER,1.0,1761.95,87.3,1714.34,48.0
Betis,Real Betis,ESP,1.0,1761.86,87.2,1712.08,50.0
Bologna,Bologna,ITA,1.0,1756.13,86.7,1700.79,55.0
Marseille,Olympique Marseille,FRA,1.0,1755.25,86.5,1696.28,59.0
Lazio,Lazio,ITA,1.0,1750.28,86.6,1698.53,52.0
Brugge,Club Brugge,BEL,1.0,1743.33,88.8,1748.21,-5.0
Porto,Porto,POR,1.0,1742.42,86.5,1696.28,46.0
Lille,Lille,FRA,1.0,1740.8,86.5,1696.28,45.0
West Ham,West Ham United,ENG,1.0,1738.1,86.6,1698.53,40.0
Stuttgart,Stuttgart,GER,1.0,1737.48,86.7,1700.79,37.0
Galatasaray,Galatasaray,TUR,1.0,1736.37,88.3,1736.92,-1.0
Bilbao,Athletic Club,ESP,1.0,1731.52,85.4,1671.44,60.0
Burnley,Burnley,ENG,1.0,1728.84,85.2,1666.92,62.0
Lyon,Olympique Lyonnais,FRA,1.0,1726.73,86.1,1687.24,39.0
St Gillis,Union Saint-Gilloise,BEL,1.0,1725.68,87.7,1723.37,2.0
Lens,Lens,FRA,1.0,1724.97,84.8,1657.89,67.0
Leeds,Leeds United,ENG,1.0,1721.38,85.1,1664.66,57.0
Monaco,Monaco,FRA,1.0,1716.43,86.0,1684.99,31.0
Freiburg,Freiburg,GER,1.0,1715.99,85.3,1669.18,47.0
Strasbourg,Strasbourg,FRA,1.0,1711.32,84.3,1646.6,65.0
Fenerbahce,Fenerbahçe,TUR,1.0,1701.22,85.4,1671.44,30.0
Werder,Werder Bremen,GER,1.0,1698.31,84.0,1639.82,58.0
Celta,Celta De Vigo,ESP,1.0,1694.9,84.9,1660.15,35.0
Fiorentina,Fiorentina,ITA,1.0,1688.64,83.3,1624.02,65.0
Feyenoord,Feyenoord,NED,1.0,1684.14,84.9,1660.15,24.0
Mainz,Mainz 05,GER,1.0,1682.77,83.3,1624.02,59.0
Slavia Praha,Slavia Praha,CZE,1.0,1682.66,84.0,1639.82,43.0
Wolves,Wolverhampton Wanderers,ENG,1.0,1682.49,84.4,1648.86,34.0
Como,Como,ITA,1.0,1681.48,84.6,1653.37,28.0
Olympiakos,Olympiakos Piraeus,GRE,1.0,1681.09,85.1,1664.66,16.0
Torino,Torino,ITA,1.0,1680.04,83.1,1619.5,61.0
Midtjylland,Midtjylland,DEN,1.0,1679.66,84.9,1660.15,20.0
Rayo Vallecano,Rayo Vallecano,ESP,1.0,1676.08,83.9,1637.57,39.0
Hoffenheim,Hoffenheim,GER,1.0,1674.74,83.3,1624.02,51.0
Osasuna,Osasuna,ESP,1.0,1667.51,83.5,1628.53,39.0
Sociedad,Real Sociedad,ESP,1.0,1659.99,83.0,1617.24,43.0
Rennes,Rennes,FRA,1.0,1659.93,82.1,1596.92,63.0
Valencia,Valencia,ESP,1.0,1657.38,82.5,1605.95,51.0
Sevilla,Sevilla,ESP,1.0,1651.72,82.2,1599.18,53.0
Nice,Nice,FRA,1.0,1650.47,82.2,1599.18,51.0
Braga,Sporting Braga,POR,1.0,1650.28,83.2,1621.76,29.0
Sunderland,Sunderland,ENG,1.0,1650.2,86.3,1691.76,-42.0
Espanyol,Espanyol,ESP,1.0,1649.84,82.8,1612.73,37.0
Toulouse,Toulouse,FRA,1.0,1647.46,81.9,1592.41,55.0
Alaves,Alavés,ESP,1.0,1643.42,82.4,1603.7,40.0
Bodoe Glimt,Bodø / Glimt,NOR,1.0,1643.32,82.9,1614.99,28.0
Union Berlin,Union Berlin,GER,1.0,1642.96,81.4,1581.12,62.0
Getafe,Getafe,ESP,1.0,1642.52,82.3,1601.44,41.0
Mallorca,Mallorca,ESP,1.0,1639.4,81.8,1590.15,49.0
Gladbach,Borussia M'Gladbach,GER,1.0,1638.8,81.1,1574.34,64.0
Brest,Brest,FRA,1.0,1633.45,81.4,1581.12,52.0
Coventry,Coventry City,ENG,2.0,1631.46,83.9,1637.57,-6.0
Wolfsburg,Wolfsburg,GER,1.0,1628.62,81.1,1574.34,54.0
Sassuolo,Sassuolo,ITA,1.0,1624.24,79.5,1538.21,86.0
Genk,Genk,BEL,1.0,1621.68,82.6,1608.21,13.0
Udinese,Udinese,ITA,1.0,1618.09,80.6,1563.05,55.0
Genoa,Genoa,ITA,1.0,1613.65,79.6,1540.47,73.0
Augsburg,Augsburg,GER,1.0,1609.1,80.3,1556.28,53.0
Elche,Elche,ESP,1.0,1607.86,81.4,1581.12,27.0
Ipswich,Ipswich Town,ENG,2.0,1606.41,81.4,1581.12,25.0
Paok,Paok,GRE,1.0,1606.35,81.8,1590.15,16.0
Alkmaar,Az,NED,1.0,1605.36,82.0,1594.66,11.0
Levante,Levante,ESP,1.0,1601.07,80.5,1560.79,40.0
Koeln,Köln,GER,1.0,1600.69,81.0,1572.08,29.0
Girona,Girona,ESP,1.0,1598.3,79.1,1529.18,69.0
Fc Kobenhavn,København,DEN,1.0,1595.49,81.7,1587.89,8.0
Ajax,Ajax,NED,1.0,1594.15,80.3,1556.28,38.0
Leicester,Leicester City,ENG,2.0,1592.23,80.2,1554.02,38.0
Cagliari,Cagliari,ITA,1.0,1591.35,78.8,1522.41,69.0
Viktoria Plzen,Viktoria Plzeň,CZE,1.0,1584.49,81.2,1576.6,8.0
Brondby,Brøndby,DEN,1.0,1584.07,79.5,1538.21,46.0
Celtic,Celtic,SCO,1.0,1583.46,80.6,1563.05,20.0
Crvena Zvezda,Crvena Zvezda,SRB,1.0,1583.11,81.7,1587.89,-5.0
Parma,Parma,ITA,1.0,1582.33,78.9,1524.67,58.0
Anderlecht,Anderlecht,BEL,1.0,1579.28,86.2,1689.5,-110.0
Las Palmas,Las Palmas,ESP,2.0,1577.67,76.3,1465.96,112.0
Sparta Praha,Sparta Praha,CZE,1.0,1575.64,79.5,1538.21,37.0
Hamburg,Hamburger Sv,GER,1.0,1575.41,79.2,1531.44,44.0
Lecce,Lecce,ITA,1.0,1573.53,78.4,1513.38,60.0
Viking,Viking,NOR,1.0,1572.65,81.1,1574.34,-2.0
Middlesbrough,Middlesbrough,ENG,2.0,1572.51,80.7,1565.31,7.0
Lorient,Lorient,FRA,1.0,1569.06,77.1,1484.02,85.0
Cremonese,Cremonese,ITA,1.0,1567.14,80.1,1551.76,15.0
Auxerre,Auxerre,FRA,1.0,1566.3,78.4,1513.38,53.0
St Pauli,St. Pauli,GER,1.0,1564.17,78.1,1506.6,58.0
Verona,Hellas Verona,ITA,1.0,1564.09,77.6,1495.31,69.0
Le Havre,Le Havre,FRA,1.0,1560.74,78.0,1504.34,56.0
Oviedo,Real Oviedo,ESP,1.0,1560.59,78.7,1520.15,40.0
Leganes,Leganés,ESP,2.0,1560.46,76.0,1459.18,101.0
Nantes,Nantes,FRA,1.0,1558.71,77.8,1499.83,59.0
Mjaellby,Mjällby,SWE,1.0,1558.3,81.5,1583.37,-25.0
Almeria,Almería,ESP,2.0,1557.14,76.9,1479.51,78.0
Metz,Metz,FRA,1.0,1556.43,76.4,1468.22,88.0
Paderborn,Paderborn,GER,2.0,1553.84,78.9,1524.67,29.0
Heidenheim,Heidenheim,GER,1.0,1551.15,77.9,1502.09,49.0
Brann,Brann,NOR,1.0,1549.6,80.0,1549.5,0.0
Utrecht,Utrecht,NED,1.0,1548.39,78.1,1506.6,42.0
Aek,Aek Athens,GRE,1.0,1547.49,78.3,1511.12,36.0
Rakow,Raków Częstochowa,POL,1.0,1546.89,80.0,1549.5,-3.0
Paris Fc,Paris Fc,FRA,1.0,1546.59,77.9,1502.09,44.0
Venezia,Venezia,ITA,2.0,1545.98,74.4,1423.06,123.0
Angers,Angers Sco,FRA,1.0,1545.93,77.7,1497.57,48.0
Panathinaikos,Panathinaikos,GRE,1.0,1545.46,78.9,1524.67,21.0
Monza,Monza,ITA,2.0,1544.32,74.9,1434.35,110.0
Reims,Reims,FRA,2.0,1543.31,72.6,1382.41,161.0
Stoke,Stoke City,ENG,2.0,1543.14,79.5,1538.21,5.0
Pisa,Pisa,ITA,1.0,1543.12,78.3,1511.12,32.0
Famalicao,Famalicão,POR,1.0,1541.1,78.7,1520.15,21.0
Guimaraes,Vitória Guimarães,POR,1.0,1539.57,78.0,1504.34,35.0
Bristol City,Bristol City,ENG,2.0,1538.38,79.4,1535.96,2.0
Santander,Racing De Santander,ESP,2.0,1534.98,76.7,1474.99,60.0
Twente,Twente,NED,1.0,1534.66,77.9,1502.09,33.0
Elversberg,Elversberg,GER,2.0,1534.65,78.3,1511.12,24.0
Millwall,Millwall,ENG,2.0,1534.4,79.4,1535.96,-2.0
Ferencvaros,Ferencváros,HUN,1.0,1534.35,81.1,1574.34,-40.0
Southampton,Southampton,ENG,2.0,1534.24,78.8,1522.41,12.0
Aarhus,Agf,DEN,1.0,1533.2,78.7,1520.15,13.0
Preston,Preston North End,ENG,2.0,1529.1,79.2,1531.44,-2.0
West Brom,West Bromwich Albion,ENG,2.0,1528.19,78.6,1517.89,10.0
Dinamo Zagreb,Dinamo Zagreb,CRO,1.0,1528.07,81.6,1585.63,-58.0
Sheffield United,Sheffield United,ENG,2.0,1527.62,78.3,1511.12,16.0
Hull,Hull City,ENG,2.0,1527.44,78.7,1520.15,7.0
Holstein,Holstein Kiel,GER,2.0,1527.01,75.4,1445.64,81.0
Salzburg,Salzburg,AUT,1.0,1526.69,78.4,1513.38,13.0
Cadiz,Cádiz,ESP,2.0,1522.28,75.3,1443.38,79.0
Saint-Etienne,Saint-Étienne,FRA,2.0,1520.91,73.2,1395.96,125.0
Basel,Basel,SUI,1.0,1520.19,79.8,1544.99,-25.0
Hammarby,Hammarby,SWE,1.0,1519.98,78.9,1524.67,-5.0
Trabzonspor,Trabzonspor,TUR,1.0,1518.6,78.3,1511.12,7.0
Bochum,Bochum,GER,2.0,1516.92,74.2,1418.54,98.0
Rangers,Rangers,SCO,1.0,1516.58,77.5,1493.05,24.0
Jagiellonia,Jagiellonia Białystok,POL,1.0,1516.25,79.1,1529.18,-13.0
Depor,Deportivo De La Coruña,ESP,2.0,1515.04,75.6,1450.15,65.0
Sturm Graz,Sturm Graz,AUT,1.0,1513.83,78.7,1520.15,-6.0
Derby,Derby County,ENG,2.0,1511.09,78.5,1515.63,-5.0
Empoli,Empoli,ITA,2.0,1510.17,72.0,1368.86,141.0
Burgos,Burgos,ESP,2.0,1506.64,74.7,1429.83,77.0
Besiktas,Beşiktaş,TUR,1.0,1506.59,77.3,1488.54,18.0
Eibar,Eibar,ESP,2.0,1506.18,74.4,1423.06,83.0
Jablonec,Jablonec,CZE,1.0,1505.02,77.4,1490.8,14.0
Watford,Watford,ENG,2.0,1504.94,77.6,1495.31,10.0
Young Boys,Young Boys,SUI,1.0,1504.33,77.5,1493.05,11.0
Blackburn,Blackburn Rovers,ENG,2.0,1503.94,77.4,1490.8,13.0
Swansea,Swansea City,ENG,2.0,1501.84,77.4,1490.8,11.0
Antwerp,Antwerp,BEL,1.0,1500.73,77.0,1481.76,19.0
Granada,Granada,ESP,2.0,1500.2,73.9,1411.77,88.0
Gil Vicente,Gil Vicente,POR,1.0,1499.28,77.4,1490.8,8.0
Mirandes,Mirandés,ESP,2.0,1498.01,73.9,1411.77,86.0
Samsunspor,Samsunspor,TUR,1.0,1497.39,77.7,1497.57,0.0
Hertha,Hertha Bsc,GER,2.0,1496.96,75.7,1452.41,45.0
Darmstadt,Darmstadt 98,GER,2.0,1496.82,76.0,1459.18,38.0
Karlsruhe,Karlsruher Sc,GER,2.0,1496.7,76.8,1477.25,19.0
Nijmegen,Nec,NED,1.0,1495.28,75.8,1454.67,41.0
Mechelen,Mechelen,BEL,1.0,1495.02,77.3,1488.54,6.0
Djurgarden,Djurgården,SWE,1.0,1494.7,77.4,1490.8,4.0
Hannover,Hannover 96,GER,2.0,1494.62,76.3,1465.96,29.0
Charleroi,Sporting Charleroi,BEL,1.0,1493.44,77.2,1486.28,7.0
Frosinone,Frosinone,ITA,2.0,1493.32,74.3,1420.8,73.0
Qpr,Queens Park Rangers,ENG,2.0,1490.69,77.3,1488.54,2.0
Schalke,Schalke 04,GER,2.0,1489.71,75.3,1443.38,46.0
Cordoba,Córdoba,ESP,2.0,1488.92,74.2,1418.54,70.0
Gent,Gent,BEL,1.0,1488.32,77.1,1484.02,4.0
Lautern,Kaiserslautern,GER,2.0,1487.51,76.8,1477.25,10.0
Charlton,Charlton Athletic,ENG,2.0,1486.85,78.3,1511.12,-24.0
Moreirense,Moreirense,POR,1.0,1485.04,76.5,1470.47,15.0
Nordsjaelland,Nordsjælland,DEN,1.0,1483.16,75.9,1456.93,26.0
Valladolid,Real Valladolid,ESP,2.0,1482.99,74.3,1420.8,62.0
St Truiden,Sint-Truiden,BEL,1.0,1481.67,76.6,1472.73,9.0
Albacete,Albacete,ESP,2.0,1480.41,73.9,1411.77,69.0
Go Ahead Eagles,Go Ahead Eagles,NED,1.0,1479.92,74.7,1429.83,50.0
Gijon,Sporting De Gijón,ESP,2.0,1477.92,73.7,1407.25,71.0
Birmingham,Birmingham City,ENG,2.0,1476.9,78.6,1517.89,-41.0
Modena,Modena,ITA,2.0,1476.09,74.6,1427.57,49.0
Lech,Lech Poznań,POL,1.0,1476.06,78.7,1520.15,-44.0
Montpellier,Montpellier,FRA,2.0,1475.56,71.7,1362.09,113.0
Troyes,Troyes,FRA,2.0,1475.54,74.6,1427.57,48.0
Wrexham,Wrexham,ENG,2.0,1473.26,77.9,1502.09,-29.0
Huesca,Huesca,ESP,2.0,1470.44,73.4,1400.48,70.0
Estoril,Estoril,POR,1.0,1470.01,75.2,1441.12,29.0
Palermo,Palermo,ITA,2.0,1469.06,74.3,1420.8,48.0
Gornik,Górnik Zabrze,POL,1.0,1465.45,78.4,1513.38,-48.0
Castellon,Castellón,ESP,2.0,1464.18,73.3,1398.22,66.0
Norwich,Norwich City,ENG,2.0,1461.86,75.4,1445.64,16.0
Viborg,Viborg,DEN,1.0,1461.75,74.4,1423.06,39.0
Duesseldorf,Fortuna Düsseldorf,GER,2.0,1461.54,74.2,1418.54,43.0
Randers,Randers,DEN,1.0,1461.45,75.0,1436.6,25.0
Sparta Rotterdam,Sparta Rotterdam,NED,1.0,1461.03,74.8,1432.09,29.0
Goeztepe,Göztepe,TUR,1.0,1460.4,76.4,1468.22,-8.0
Portsmouth,Portsmouth,ENG,2.0,1459.79,76.0,1459.18,1.0
Bueyueksehir,İstanbul Başakşehir,TUR,1.0,1459.66,76.1,1461.44,-2.0
Cesena,Cesena,ITA,2.0,1459.24,74.0,1414.02,45.0
Legia,Legia Warszawa,POL,1.0,1458.79,77.7,1497.57,-39.0
Silkeborg,Silkeborg,DEN,1.0,1458.28,74.9,1434.35,24.0
Spezia,Spezia,ITA,2.0,1456.92,73.0,1391.44,65.0
Malmoe,Malmö Ff,SWE,1.0,1455.82,76.4,1468.22,-12.0
Catanzaro,Catanzaro,ITA,2.0,1454.69,73.4,1400.48,54.0
Westerlo,Westerlo,BEL,1.0,1453.55,75.8,1454.67,-1.0
Santa Clara,Santa Clara,POR,1.0,1453.0,75.0,1436.6,16.0
Oxford,Oxford United,ENG,2.0,1452.34,75.7,1452.41,0.0
Juve Stabia,Juve Stabia,ITA,2.0,1451.18,73.2,1395.96,55.0
Hearts,Hearts,SCO,1.0,1450.59,76.6,1472.73,-22.0
Malaga,Málaga,ESP,2.0,1450.56,72.8,1386.93,64.0
Ceuta,Ceuta,ESP,2.0,1449.88,73.8,1409.51,40.0
Wolfsberg,Wolfsberger Ac,AUT,1.0,1449.32,76.9,1479.51,-30.0
Tromso,Tromsø,NOR,1.0,1447.63,75.8,1454.67,-7.0
Dunkerque,Dunkerque,FRA,2.0,1446.84,73.1,1393.7,53.0
Rio Ave,Rio Ave,POR,1.0,1446.56,74.3,1420.8,26.0
Nuernberg,Nürnberg,GER,2.0,1444.78,72.9,1389.19,56.0
Lausanne,Lausanne-Sport,SUI,1.0,1443.75,76.0,1459.18,-15.0
Slovan Liberec,Slovan Liberec,CZE,1.0,1443.69,73.8,1409.51,34.0
Arouca,Arouca,POR,1.0,1440.85,73.9,1411.77,29.0
Craiova,Universitatea Craiova,ROM,1.0,1438.12,76.5,1470.47,-32.0
Standard,Standard Liège,BEL,1.0,1437.69,75.2,1441.12,-3.0
Hradec Kralove,Hradec Králové,CZE,1.0,1437.6,73.6,1404.99,33.0
Guingamp,Guingamp,FRA,2.0,1437.12,72.3,1375.64,61.0
Rosenborg,Rosenborg,NOR,1.0,1437.01,74.8,1432.09,5.0
Pogon,Pogoń Szczecin,POL,1.0,1436.52,76.3,1465.96,-29.0
Molde,Molde,NOR,1.0,1436.49,74.1,1416.28,20.0
Sociedad B,Real Sociedad Ii,ESP,2.0,1436.33,72.3,1375.64,61.0
Steaua,Fcsb,ROM,1.0,1436.23,75.6,1450.15,-14.0
Alanyaspor,Alanyaspor,TUR,1.0,1435.48,74.3,1420.8,15.0
Leuven,Oh Leuven,BEL,1.0,1434.52,73.9,1411.77,23.0
Sheffield Weds,Sheffield Wednesday,ENG,2.0,1433.76,74.5,1425.31,8.0
Cracovia,Cracovia,POL,1.0,1433.28,77.0,1481.76,-48.0
Cercle Brugge,Cercle Brugge,BEL,1.0,1432.85,75.0,1436.6,-4.0
Casa Pia,Casa Pia,POR,1.0,1430.77,73.6,1404.99,26.0
Leonesa,Cultural Leonesas,ESP,2.0,1429.22,72.6,1382.41,47.0
Sonderjyske,Sønderjyske,DEN,1.0,1427.77,74.0,1414.02,14.0
Sigma Olomouc,Sigma Olomouc,CZE,1.0,1424.98,73.8,1409.51,15.0
Razgrad,Ludogorets Razgrad,BUL,1.0,1423.52,75.2,1441.12,-18.0
Fredrikstad,Fredrikstad,NOR,1.0,1423.43,74.6,1427.57,-4.0
Heerenveen,Heerenveen,NED,1.0,1420.86,73.1,1393.7,27.0
Red Star,Red Star,FRA,2.0,1420.74,71.9,1366.61,54.0
Carrarese,Carrarese,ITA,2.0,1420.02,71.7,1362.09,58.0
Gais,Gais,SWE,1.0,1419.86,76.4,1468.22,-48.0
Suedtirol,Südtirol,ITA,2.0,1419.51,71.6,1359.83,60.0
Bari,Bari,ITA,2.0,1418.82,71.6,1359.83,59.0
Groningen,Groningen,NED,1.0,1418.01,73.0,1391.44,27.0
Austria Wien,Austria Wien,AUT,1.0,1416.82,73.5,1402.73,14.0
Stgallen,St. Gallen,SUI,1.0,1416.79,74.9,1434.35,-18.0
Banik Ostrava,Baník Ostrava,CZE,1.0,1416.75,72.9,1389.19,28.0
Annecy,Annecy,FRA,2.0,1416.32,71.4,1355.32,61.0
Rapid Bucuresti,Rapid București,ROM,1.0,1416.16,75.7,1452.41,-36.0
Levski,Levski Sofia,BUL,1.0,1415.72,76.5,1470.47,-55.0
Aris,Aris,GRE,1.0,1414.19,73.7,1407.25,7.0
Muenster,Preussen Münster,GER,2.0,1413.79,72.7,1384.67,29.0
Bielefeld,Arminia Bielefeld,GER,2.0,1413.16,73.6,1404.99,8.0
Reggiana,Reggiana,ITA,2.0,1412.99,71.8,1364.35,49.0
Nacional,Nacional,POR,1.0,1412.69,73.3,1398.22,14.0
Zwolle,Pec Zwolle,NED,1.0,1411.0,71.8,1364.35,47.0
Goeteborg,Ifk Göteborg,SWE,1.0,1410.89,74.9,1434.35,-23.0
Magdeburg,Magdeburg,GER,2.0,1410.81,72.4,1377.9,33.0
Sittard,Fortuna Sittard,NED,1.0,1410.34,71.7,1362.09,48.0
Hajduk,Hajduk Split,CRO,1.0,1410.3,78.2,1508.86,-99.0
Paksi,Paks,HUN,1.0,1409.58,75.7,1452.41,-43.0
Rapid Wien,Rapid,AUT,1.0,1409.27,74.1,1416.28,-7.0
Grenoble,Grenoble,FRA,2.0,1408.61,70.6,1337.25,71.0
Servette,Servette,SUI,1.0,1408.33,74.6,1427.57,-19.0
Hibernian,Hibernian,SCO,1.0,1407.95,73.9,1411.77,-4.0
Gaziantep Fk,Gaziantep Fk,TUR,1.0,1407.3,73.9,1411.77,-4.0
Aik,Aik,SWE,1.0,1405.59,75.6,1450.15,-45.0
Pau,Pau,FRA,2.0,1404.69,70.9,1344.03,61.0
Luzern,Luzern,SUI,1.0,1404.31,73.9,1411.77,-7.0
Rizespor,Rizespor,TUR,1.0,1404.09,73.1,1393.7,10.0
Korona,Korona Kielce,POL,1.0,1403.47,75.7,1452.41,-49.0
Rodez,Rodez,FRA,2.0,1403.43,70.5,1334.99,68.0
Lask,Lask,AUT,1.0,1403.18,73.3,1398.22,5.0
Kasimpasa,Kasimpaşa,TUR,1.0,1402.62,72.6,1382.41,20.0
Radomiak,Radomiak Radom,POL,1.0,1402.36,74.3,1420.8,-18.0
Ik Sirius,Sirius,SWE,1.0,1400.67,74.0,1414.02,-13.0
Sampdoria,Sampadoria,ITA,2.0,1400.14,70.1,1325.96,74.0
Clermont,Clermont,FRA,2.0,1399.4,69.0,1301.12,98.0
Fuerth,Greuther Fürth,GER,2.0,1398.9,71.1,1348.54,50.0
Le Mans,Le Mans,FRA,2.0,1397.92,70.8,1341.77,56.0
Lugano,Lugano,SUI,1.0,1397.84,74.6,1427.57,-30.0
Piast Gliwice,Piast Gliwice,POL,1.0,1395.39,73.5,1402.73,-7.0
Lubin,Zagłębie Lubin,POL,1.0,1395.21,74.0,1414.02,-19.0
Sandefjord,Sandefjord,NOR,1.0,1395.02,72.4,1377.9,17.0
Haecken,Häcken,SWE,1.0,1394.62,73.7,1407.25,-13.0
Partizan,Partizan,SRB,1.0,1393.62,74.8,1432.09,-38.0
Laval,Laval,FRA,2.0,1392.85,69.7,1316.93,76.0
Konyaspor,Konyaspor,TUR,1.0,1389.92,72.9,1389.19,1.0
Gyoer,Győri Eto,HUN,1.0,1388.79,75.1,1438.86,-50.0
Zulte Waregem,Zulte Waregem,BEL,1.0,1388.6,75.9,1456.93,-68.0
Elfsborg,Elfsborg,SWE,1.0,1388.0,73.6,1404.99,-17.0
Puskas Akademia,Puskás,HUN,1.0,1387.93,74.3,1420.8,-33.0
Levadeiakos,Levadiakos,GRE,1.0,1387.79,73.0,1391.44,-4.0
Thun,Thun,SUI,1.0,1383.96,74.9,1434.35,-50.0
Plock,Wisła Płock,POL,1.0,1383.44,75.3,1443.38,-60.0
Alverca,Alverca,POR,1.0,1380.93,72.7,1384.67,-4.0
Hartberg,Hartberg,AUT,1.0,1380.0,72.8,1386.93,-7.0
Estrela Amadora,Estrela,POR,1.0,1379.54,71.1,1348.54,31.0
Odense,Ob,DEN,1.0,1378.25,72.5,1380.15,-2.0
Bastia,Bastia,FRA,2.0,1375.74,69.5,1312.41,63.0
Padova,Padova,ITA,2.0,1375.7,71.7,1362.09,14.0
Rijeka,Rijeka,CRO,1.0,1374.89,76.6,1472.73,-98.0
Katowice,Gks Katowice,POL,1.0,1373.68,74.6,1427.57,-54.0
Kfum Oslo,Kfum,NOR,1.0,1373.55,72.4,1377.9,-4.0
Valerenga,Vålerenga,NOR,1.0,1372.5,73.1,1393.7,-21.0
Kayseri,Kayserispor,TUR,1.0,1372.32,71.3,1353.06,19.0
Zuerich,Zürich,SUI,1.0,1371.54,72.2,1373.38,-2.0
Sarpsborg,Sarpsborg 08,NOR,1.0,1371.5,73.0,1391.44,-20.0
Ham-Kam,Hamkam,NOR,1.0,1370.86,72.4,1377.9,-7.0
Heracles,Heracles,NED,1.0,1370.73,70.4,1332.74,38.0
Mantova,Mantova,ITA,2.0,1370.49,68.8,1296.61,74.0
Amiens,Amiens Sc,FRA,2.0,1370.38,69.6,1314.67,56.0
Entella,Virtus Entella,ITA,2.0,1367.22,70.8,1341.77,25.0
Avellino,Avellino,ITA,2.0,1366.63,71.2,1350.8,16.0
Raal,Raal La Louvière,BEL,1.0,1365.74,74.9,1434.35,-69.0
Cfr Cluj,Cfr Cluj,ROM,1.0,1364.5,72.7,1384.67,-20.0
Sion,Sion,SUI,1.0,1364.31,72.8,1386.93,-23.0
Kocaelispor,Kocaelispor,TUR,1.0,1364.01,71.9,1366.61,-3.0
Bohemians Praha,Bohemians 1905,CZE,1.0,1360.64,70.5,1334.99,26.0
Braunschweig,Eintracht Braunschweig,GER,2.0,1360.58,70.5,1334.99,26.0
Vejle,Vejle,DEN,1.0,1357.37,69.8,1319.19,38.0
Dinamo Bucuresti,Dinamo București,ROM,1.0,1356.89,73.1,1393.7,-37.0
Dender,Dender,BEL,1.0,1356.53,71.3,1353.06,3.0
Motor Lublin,Motor Lublin,POL,1.0,1354.77,73.3,1398.22,-43.0
Tondela,Tondela,POR,1.0,1354.62,71.9,1366.61,-12.0
Karvina,Karviná,CZE,1.0,1353.0,71.8,1364.35,-11.0
Eyupspor,Eyüpspor,TUR,1.0,1352.73,71.1,1348.54,4.0
Widzew,Widzew Łódź,POL,1.0,1351.94,73.0,1391.44,-40.0
Nancy,Nancy,FRA,2.0,1351.69,69.7,1316.93,35.0
Boulogne,Boulogne,FRA,2.0,1346.81,67.8,1274.03,73.0
Antalyaspor,Antalyaspor,TUR,1.0,1346.24,70.5,1334.99,11.0
Lechia,Lechia Gdańsk,POL,1.0,1346.01,72.7,1384.67,-39.0
Cska Sofia,Cska Sofia,BUL,1.0,1345.56,71.7,1362.09,-17.0
Volendam,Volendam,NED,1.0,1344.76,69.2,1305.64,39.0
Pescara,Pescara,ITA,2.0,1344.06,69.3,1307.9,36.0
Viitorul,Fcv Farul Constanța,ROM,1.0,1343.98,72.2,1373.38,-29.0
Dresden,Dynamo Dresden,GER,2.0,1342.35,71.3,1353.06,-11.0
Genclerbirligi,Gençlerbirliği,TUR,1.0,1340.99,71.2,1350.8,-10.0
Breda,Nac Breda,NED,1.0,1340.25,68.7,1294.35,46.0
Istra 1961,Istra 1961,CRO,1.0,1339.97,74.4,1423.06,-83.0
Botosani,Botoșani,ROM,1.0,1339.24,73.2,1395.96,-57.0
Teplice,Teplice,CZE,1.0,1336.58,69.6,1314.67,22.0
Grasshoppers,Grasshoppers,SUI,1.0,1335.51,70.8,1341.77,-6.0
Lok Zagreb,Lokomotiva Zagreb,CRO,1.0,1331.21,73.2,1395.96,-65.0
Universitatea Cluj,Universitatea Cluj,ROM,1.0,1330.78,72.0,1368.86,-38.0
Atromitos,Atromitos,GRE,1.0,1329.57,70.3,1330.48,-1.0
Fredericia,Fredericia,DEN,1.0,1329.25,71.2,1350.8,-22.0
Arka,Arka Gdynia,POL,1.0,1327.18,72.3,1375.64,-48.0
Nfc Volos,Volos Nfc,GRE,1.0,1326.99,69.9,1321.45,6.0
Kristiansund,Kristiansund,NOR,1.0,1326.92,70.2,1328.22,-1.0
Cherno More,Cherno More Varna,BUL,1.0,1326.24,71.4,1355.32,-29.0
Tescoma Zlin,Zlín,CZE,1.0,1325.91,72.0,1368.86,-43.0
Telstar,Telstar,NED,1.0,1325.9,67.6,1269.51,56.0
Otelul Galati,Oțelul Galați,ROM,1.0,1322.98,71.9,1366.61,-44.0
Mlada Boleslav,Mladá Boleslav,CZE,1.0,1321.28,68.2,1283.06,38.0
Excelsior,Excelsior,NED,1.0,1321.02,69.0,1301.12,20.0
Osijek,Osijek,CRO,1.0,1318.66,73.3,1398.22,-80.0
Mtk,Mtk,HUN,1.0,1316.89,71.5,1357.57,-41.0
Bryne,Bryne,NOR,1.0,1316.12,70.3,1330.48,-14.0
Debrecen,Debrecen,HUN,1.0,1313.48,72.9,1389.19,-76.0
St Mirren,St. Mirren,SCO,1.0,1313.42,70.2,1328.22,-15.0
Varazdin,Varaždin,CRO,1.0,1313.19,73.9,1411.77,-99.0
Asteras Tripolis,Asteras Tripolis,GRE,1.0,1312.23,68.4,1287.58,25.0
Fatih Karaguemruek,Fatih Karagümrük,TUR,1.0,1311.99,69.0,1301.12,11.0
Motherwell,Motherwell,SCO,1.0,1311.34,69.2,1305.64,6.0
Avs Futebol,Avs,POR,1.0,1310.79,68.0,1278.54,32.0
Panetolikos,Panaitolikos,GRE,1.0,1310.33,68.7,1294.35,16.0
Nieciecza,Nieciecza,POL,1.0,1305.46,70.8,1341.77,-36.0
Dundee United,Dundee United,SCO,1.0,1303.2,69.6,1314.67,-11.0
Halmstad,Halmstad,SWE,1.0,1300.87,69.4,1310.16,-9.0
Slaven Belupo,Slaven Koprivnica,CRO,1.0,1300.68,73.9,1411.77,-111.0
Brommapojkarna,Brommapojkarna,SWE,1.0,1299.96,70.8,1341.77,-42.0
Stromsgodset,Strømsgodset,NOR,1.0,1296.66,68.9,1298.87,-2.0
Norrkoeping,Norrköping,SWE,1.0,1292.05,69.6,1314.67,-23.0
Winterthur,Winterthur,SUI,1.0,1291.49,69.1,1303.38,-12.0
Aberdeen,Aberdeen,SCO,1.0,1290.79,68.9,1298.87,-8.0
Ried,Ried,AUT,1.0,1288.77,68.2,1283.06,6.0
Zalaegerszegi,Zalaegerszeg,HUN,1.0,1287.32,69.1,1303.38,-16.0
Uta Arad,Uta Arad,ROM,1.0,1286.84,69.4,1310.16,-23.0
Wattens,Wsg Tirol,AUT,1.0,1285.31,68.6,1292.09,-7.0
Bw Linz,Blau-Weiss Linz,AUT,1.0,1284.02,68.6,1292.09,-8.0
Kilmarnock,Kilmarnock,SCO,1.0,1282.42,68.7,1294.35,-12.0
Dukla,Dukla Praha,CZE,1.0,1281.79,68.6,1292.09,-10.0
Slovacko,Slovácko,CZE,1.0,1280.37,67.2,1260.48,20.0
Aarau,Aarau,SUI,1.0,1277.06,69.4,1310.16,-33.0
Ofi,Ofi,GRE,1.0,1275.18,67.1,1258.22,17.0
Degerfors,Degerfors,SWE,1.0,1270.96,69.6,1314.67,-44.0
Altach,Rheindorf Altach,AUT,1.0,1270.05,67.6,1269.51,1.0
Pardubice,Pardubice,CZE,1.0,1269.8,66.8,1251.45,18.0
Hermannstadt,Hermannstadt,ROM,1.0,1263.88,68.4,1287.58,-24.0
Kifisias,Kifisia,GRE,1.0,1263.82,69.1,1303.38,-40.0
Novi Sad,Vojvodina,SRB,1.0,1261.02,70.0,1323.7,-63.0
Hnk Gorica,Hnk Gorica,CRO,1.0,1258.54,70.8,1341.77,-83.0
Diosgyori,Diósgyőr,HUN,1.0,1256.11,69.8,1319.19,-63.0
Oester,Öster,SWE,1.0,1256.06,70.0,1323.7,-68.0
Kisvarda,Kisvárda,HUN,1.0,1255.71,70.8,1341.77,-86.0
Ujpest,Újpest,HUN,1.0,1255.04,70.5,1334.99,-80.0
Cska 1948 Sofia,Cska 1948 Sofia,BUL,1.0,1254.84,69.2,1305.64,-51.0
Varnamo,Värnamo,SWE,1.0,1253.93,67.4,1265.0,-11.0
Arges Pitesti,Argeș,ROM,1.0,1252.24,72.3,1375.64,-123.0
Petrolul Ploiesti,Petrolul 52,ROM,1.0,1252.06,68.7,1294.35,-42.0
Gak,Grazer Ak,AUT,1.0,1246.56,66.7,1249.19,-3.0
Dundee,Dundee,SCO,1.0,1243.27,66.7,1249.19,-6.0
Unirea Slobozia,Unirea Slobozia,ROM,1.0,1235.89,68.7,1294.35,-58.0
Arda,Arda Kardzhali,BUL,1.0,1232.97,66.9,1253.71,-21.0
Haugesund,Haugesund,NOR,1.0,1229.72,65.8,1228.87,1.0
Panserraikos,Panserraikos,GRE,1.0,1229.36,65.3,1217.58,12.0
Nyiregyhaza,Nyíregyháza Spartacus,HUN,1.0,1228.3,68.2,1283.06,-55.0
Larisa,Larissa,GRE,1.0,1224.05,67.3,1262.74,-39.0
Kazincbarcika,Kazincbarcika,HUN,1.0,1223.86,68.8,1296.61,-73.0
Falkirk,Falkirk,SCO,1.0,1217.74,68.6,1292.09,-74.0
Lok Plovdiv,Lokomotiv Plovdiv,BUL,1.0,1215.42,66.7,1249.19,-34.0
Csikszereda,Csikszereda,ROM,1.0,1210.56,67.8,1274.03,-63.0
Novi Pazar,Novi Pazar,SRB,1.0,1202.36,67.7,1271.77,-69.0
Cukaricki,Čukarički,SRB,1.0,1198.77,66.3,1240.16,-41.0
Kragujevac,Radnički Kragujevac,SRB,1.0,1196.56,66.3,1240.16,-44.0
Backa Topola,Tsc,SRB,1.0,1195.85,65.7,1226.61,-31.0
Livingston,Livingston,SCO,1.0,1187.16,66.9,1253.71,-67.0
Botev Plovdiv,Botev Plovdiv,BUL,1.0,1180.64,65.2,1215.32,-35.0
Slavia Sofia,Slavia Sofia,BUL,1.0,1174.22,65.1,1213.06,-39.0
Lok Sofia,Lokomotiv Sofia 1929,BUL,1.0,1172.62,66.0,1233.38,-61.0
Metaloglobus,Metaloglobus,ROM,1.0,1169.46,65.3,1217.58,-48.0
Zeleznicar Pancevo,Železničar Pančevo,SRB,1.0,1167.13,65.7,1226.61,-59.0
Ofk,Ofk Beograd,SRB,1.0,1155.13,65.8,1228.87,-74.0
Botev Vratsa,Botev Vratsa,BUL,1.0,1148.34,64.1,1190.48,-42.0
Beroe Stara Zagora,Beroe Stara Zagora,BUL,1.0,1142.42,63.9,1185.96,-44.0
Spartak Varna,Spartak Varna,BUL,1.0,1135.97,64.5,1199.51,-64.0
Imt,Imt Novi Beograd,SRB,1.0,1131.05,64.3,1195.0,-64.0
Mladost Lucani,Mladost Lučani,SRB,1.0,1130.09,63.9,1185.96,-56.0
Levski Krumovgrad,Krumovgrad,BUL,1.0,1121.79,53.4,948.87,173.0
Vukovar,Vukovar,CRO,1.0,1117.77,71.7,1362.09,-244.0
Septemvri Sofia,Septemvri Sofia,BUL,1.0,1112.31,61.5,1131.77,-19.0
Zlatibor,Spartak Subotica,SRB,1.0,1108.34,62.5,1154.35,-46.0
Nis,Radnički Niš,SRB,1.0,1106.29,63.5,1176.93,-71.0
Ivanjica,Javor,SRB,1.0,1085.05,63.1,1167.9,-83.0
Radnik Surdulica,Radnik Surdulica,SRB,1.0,1079.64,63.2,1170.16,-91.0
Montana 1921,Montana 1921,BUL,1.0,1060.26,62.8,1161.13,-101.0
Krusevac,Napredak,SRB,1.0,1052.24,60.5,1109.19,-57.0
Blagoevgrad,Pirin Blagoevgrad,BUL,1.0,1047.68,51.9,915.0,133.0
Dobrudzha,Dobrudzha 1919,BUL,1.0,1039.84,61.9,1140.8,-101.0
Hebar,Hebar 1918,BUL,1.0,1030.65,51.7,910.49,120.0
,Admira Wacker,AUT,,,64.9,1208.54,
,St. Pölten,AUT,,,64.3,1195.0,
,Floridsdorfer Ac,AUT,,,62.3,1149.84,
,Austria Lustenau,AUT,,,61.9,1140.8,
,Liefering,AUT,,,61.1,1122.74,
,Austria Klagenfurt,AUT,,,61.0,1120.48,
,Amstetten,AUT,,,61.0,1120.48,
,First Vienna,AUT,,,59.9,1095.64,
,Kapfenberger Sv,AUT,,,59.7,1091.13,
,Austria Salzburg,AUT,,,58.3,1059.52,
,Austria Wien Ii,AUT,,,57.5,1041.45,
,Stripfing,AUT,,,57.2,1034.68,
,Voitsberg,AUT,,,57.2,1034.68,
,Imst,AUT,,,56.9,1027.9,
,Rapid Wien Ii,AUT,,,56.5,1018.87,
,Sturm Graz Ii,AUT,,,56.1,1009.84,
,Wspg Wels,AUT,,,55.5,996.29,
,Schwarz-Weiss Bregenz,AUT,,,55.5,996.29,
,Beveren,BEL,,,72.3,1375.64,
,Kortrijk,BEL,,,71.6,1359.83,
,Beerschot,BEL,,,70.7,1339.51,
,Rwdm,BEL,,,70.3,1330.48,
,Patro Eisden,BEL,,,68.4,1287.58,
,Lièce,BEL,,,66.6,1246.93,
,Deinze,BEL,,,65.9,1231.13,
,Eupen,BEL,,,65.6,1224.35,
,Lommel,BEL,,,65.5,1222.09,
,Lokeren,BEL,,,64.0,1188.22,
,Gent Ii,BEL,,,63.9,1185.96,
,Rwdm Brussels,BEL,,,63.8,1183.71,
,Lierse Sk,BEL,,,63.5,1176.93,
,Tubize-Braine,BEL,,,62.6,1156.61,
,Club Brugge Ii,BEL,,,62.1,1145.32,
,Anderlecht Ii,BEL,,,61.2,1125.0,
,Francs Borains,BEL,,,61.1,1122.74,
,Raec Mons,BEL,,,61.0,1120.48,
,Olympic Charleroi,BEL,,,60.0,1097.9,
,Sporting Hasselt,BEL,,,59.7,1091.13,
,Seraing,BEL,,,59.6,1088.87,
,Krc Genk Ii,BEL,,,58.9,1073.06,
,Thes Sport,BEL,,,58.6,1066.29,
,Flamengo,BRA,,,85.5,1673.7,
,Palmeiras,BRA,,,84.9,1660.15,
,Cruzeiro,BRA,,,81.5,1583.37,
,Botafogo,BRA,,,81.0,1572.08,
,Mirassol,BRA,,,80.6,1563.05,
,Fluminense,BRA,,,79.7,1542.73,
,Corinthians,BRA,,,78.7,1520.15,
,Atletico Mineiro,BRA,,,78.5,1515.63,
,Sao Paulo,BRA,,,78.4,1513.38,
,Bahia,BRA,,,78.0,1504.34,
,Vasco Da Gama,BRA,,,76.8,1477.25,
,Internacional,BRA,,,76.6,1472.73,
,Ceara,BRA,,,76.6,1472.73,
,Gremio,BRA,,,76.2,1463.7,
,Rb Bragantino,BRA,,,75.6,1450.15,
,Vitoria,BRA,,,75.1,1438.86,
,Santos,BRA,,,75.0,1436.6,
,Fortaleza,BRA,,,74.9,1434.35,
,Juventude,BRA,,,74.5,1425.31,
,Athletico Paranaense,BRA,,,73.0,1391.44,
,Criciuma,BRA,,,72.6,1382.41,
,Novorizontino,BRA,,,72.2,1373.38,
,Coritiba,BRA,,,72.1,1371.12,
,Goias,BRA,,,71.9,1366.61,
,Sport Recife,BRA,,,71.6,1359.83,
,Remo,BRA,,,71.5,1357.57,
,Chapecoense,BRA,,,71.4,1355.32,
,Atletico Goianiense,BRA,,,70.9,1344.03,
,Avai,BRA,,,70.5,1334.99,
,America Mineiro,BRA,,,70.5,1334.99,
,Crb,BRA,,,70.4,1332.74,
,Cuiaba,BRA,,,69.9,1321.45,
,Vila Nova,BRA,,,69.8,1319.19,
,Operario Pr,BRA,,,68.8,1296.61,
,Ponte Preta,BRA,,,68.6,1292.09,
,Nautico,BRA,,,68.5,1289.83,
,Ferroviaria,BRA,,,67.6,1269.51,
,Botafogo Sp,BRA,,,67.5,1267.25,
,Athletic Club Mg,BRA,,,67.3,1262.74,
,Londrina,BRA,,,66.7,1249.19,
,Amazonas,BRA,,,66.5,1244.67,
,Volta Redonda,BRA,,,66.2,1237.9,
,Paysandu,BRA,,,66.2,1237.9,
,Guarani Sp,BRA,,,66.0,1233.38,
,Sao Bernardo,BRA,,,65.9,1231.13,
,Brusque,BRA,,,65.7,1226.61,
,Figueirense,BRA,,,65.2,1215.32,
,Confianca,BRA,,,65.0,1210.8,
,Botafogo Pb,BRA,,,64.9,1208.54,
,Dunav Ot Ruse,BUL,,,57.2,1034.68,
,Vantra 2019,BUL,,,54.2,966.94,
,Fratria,BUL,,,53.2,944.36,
,Cska Sofia Ii,BUL,,,52.1,919.52,
,Cska 1948 Sofia Ii,BUL,,,51.6,908.23,
,Lokomotiv Go,BUL,,,51.5,905.97,
,Marek,BUL,,,51.0,894.68,
,Etar Vt,BUL,,,50.5,883.39,
,Vihren Sandanski,BUL,,,50.4,881.13,
,Ludogorets Ii,BUL,,,49.5,860.81,
,Chernomorets Burgas,BUL,,,49.3,856.3,
,Orijent 1919,CRO,,,65.1,1213.06,
,Sesvete,CRO,,,62.7,1158.87,
,Rudeš,CRO,,,62.7,1158.87,
,Cibalia,CRO,,,62.3,1149.84,
,Bijelo Brdo,CRO,,,62.3,1149.84,
,Karlovac 1919,CRO,,,62.1,1145.32,
,Opatija,CRO,,,61.4,1129.51,
,Dubrava Zagreb,CRO,,,61.0,1120.48,
,Dugopolje,CRO,,,60.6,1111.45,
,Hrvace,CRO,,,60.1,1100.16,
,Jarun,CRO,,,59.9,1095.64,
,Croatia Zmijavci,CRO,,,59.6,1088.87,
,Zrinski Osiječko,CRO,,,58.0,1052.74,
,Mladost Ždralovai,CRO,,,54.1,964.68,
,Kustošija,CRO,,,52.5,928.55,
,Jadran Lp,CRO,,,51.9,915.0,
,Solin,CRO,,,50.2,876.62,
,Radnik Križevci,CRO,,,50.2,876.62,
,Hnk Zadar,CRO,,,47.9,824.68,
,Zagora,CRO,,,47.8,822.43,
,Zbrojovka Brno,CZE,,,67.3,1262.74,
,Táborsko,CZE,,,66.9,1253.71,
,Artis Brno,CZE,,,64.8,1206.29,
,Vyškov,CZE,,,64.4,1197.25,
,Opava,CZE,,,63.7,1181.45,
,Slavia Praha Ii,CZE,,,63.3,1172.42,
,České Budějovice,CZE,,,62.2,1147.58,
,Ústí Nad Labem,CZE,,,62.2,1147.58,
,Viktoria Žižkov,CZE,,,61.5,1131.77,
,Baník Ostrava Ii,CZE,,,61.5,1131.77,
,Chrudim,CZE,,,61.3,1127.26,
,Vysočina Jihlava,CZE,,,60.7,1113.71,
,Příbram,CZE,,,60.6,1111.45,
,Třinec,CZE,,,60.2,1102.42,
,Lyngby,DEN,,,64.4,1197.25,
,Hillerød,DEN,,,63.5,1176.93,
,Kolding,DEN,,,63.0,1165.64,
,Aab,DEN,,,62.9,1163.38,
,Hvidovre,DEN,,,62.4,1152.09,
,Horsens,DEN,,,61.8,1138.55,
,Esbjerg,DEN,,,60.3,1104.68,
,Aarhus Fremad,DEN,,,59.1,1077.58,
,B 93,DEN,,,58.4,1061.77,
,Hobro,DEN,,,58.0,1052.74,
,Hb Køge,DEN,,,57.0,1030.16,
,Ab,DEN,,,56.8,1025.65,
,Middelfart,DEN,,,55.5,996.29,
,Roskilde,DEN,,,54.9,982.74,
,Vendsyssel,DEN,,,53.8,957.91,
,Thisted,DEN,,,52.6,930.81,
,Næstved,DEN,,,52.3,924.04,
,Fremad Amager,DEN,,,51.2,899.2,
,Stockport County,ENG,,,75.7,1452.41,
,Wycombe Wanderers,ENG,,,74.6,1427.57,
,Bolton Wanderers,ENG,,,74.2,1418.54,
,Lincoln City,ENG,,,73.8,1409.51,
,Cardiff City,ENG,,,73.6,1404.99,
,Luton Town,ENG,,,73.4,1400.48,
,Stevenage,ENG,,,73.1,1393.7,
,Leyton Orient,ENG,,,73.0,1391.44,
,Reading,ENG,,,72.5,1380.15,
,Bradford City,ENG,,,72.2,1373.38,
,Blackpool,ENG,,,71.8,1364.35,
,Barnsley,ENG,,,71.8,1364.35,
,Wigan Athletic,ENG,,,71.5,1357.57,
,Huddersfield Town,ENG,,,71.4,1355.32,
,Rotherham United,ENG,,,71.3,1353.06,
,Mansfield Town,ENG,,,71.0,1346.28,
,Afc Wimbledon,ENG,,,70.3,1330.48,
,Plymouth Argyle,ENG,,,70.2,1328.22,
,Doncaster Rovers,ENG,,,70.0,1323.7,
,Northampton Town,ENG,,,69.6,1314.67,
,Peterborough United,ENG,,,69.5,1312.41,
,Walsall,ENG,,,69.5,1312.41,
,Burton Albion,ENG,,,69.5,1312.41,
,Exeter City,ENG,,,69.4,1310.16,
,Port Vale,ENG,,,69.2,1305.64,
,Swindon Town,ENG,,,69.1,1303.38,
,Notts County,ENG,,,68.8,1296.61,
,Salford City,ENG,,,68.2,1283.06,
,Bromley,ENG,,,67.7,1271.77,
,Cambridge United,ENG,,,67.7,1271.77,
,Chesterfield,ENG,,,67.4,1265.0,
,Gillingham,ENG,,,66.9,1253.71,
,Grimsby Town,ENG,,,66.9,1253.71,
,Fleetwood Town,ENG,,,66.5,1244.67,
,Crewe Alexandra,ENG,,,66.5,1244.67,
,The New Saints,ENG,,,66.5,1244.67,
,Colchester United,ENG,,,66.3,1240.16,
,Barnet,ENG,,,66.2,1237.9,
,Milton Keynes Dons,ENG,,,66.2,1237.9,
,Tranmere Rovers,ENG,,,65.4,1219.84,
,Barrow,ENG,,,65.4,1219.84,
,Oldham Athletic,ENG,,,65.1,1213.06,
,Crawley Town,ENG,,,65.0,1210.8,
,Bristol Rovers,ENG,,,64.9,1208.54,
,York City,ENG,,,63.9,1185.96,
,Shrewsbury Town,ENG,,,63.8,1183.71,
,Cheltenham Town,ENG,,,63.7,1181.45,
,Accrington Stanley,ENG,,,63.5,1176.93,
,Harrogate Town,ENG,,,62.7,1158.87,
,Forest Green Rovers,ENG,,,62.3,1149.84,
,Rochdale,ENG,,,62.1,1145.32,
,Carlisle United,ENG,,,61.9,1140.8,
,Newport County,ENG,,,61.0,1120.48,
,Boreham Wood,ENG,,,60.8,1115.97,
,Southend United,ENG,,,60.1,1100.16,
,Scunthorpe United,ENG,,,60.0,1097.9,
,Hartlepool United,ENG,,,57.4,1039.19,
,Woking,ENG,,,57.1,1032.42,
,Halifax Town,ENG,,,57.1,1032.42,
,Wealdstone,ENG,,,57.1,1032.42,
,Tamworth,ENG,,,56.7,1023.39,
,Solihull Moors,ENG,,,55.7,1000.81,
,Altrincham,ENG,,,55.6,998.55,
,Brackley Town,ENG,,,55.5,996.29,
,Eastleigh,ENG,,,55.5,996.29,
,Boston United,ENG,,,55.1,987.26,
,Gateshead,ENG,,,54.7,978.23,
,Aldershot Town,ENG,,,54.4,971.45,
,Yeovil Town,ENG,,,54.4,971.45,
,Sutton United,ENG,,,54.1,964.68,
,Morecambe,ENG,,,54.0,962.42,
,Fylde,ENG,,,53.7,955.65,
,Braintree Town,ENG,,,53.6,953.39,
,Truro City,ENG,,,53.0,939.84,
,Worthing,ENG,,,53.0,939.84,
,Torquay United,ENG,,,52.4,926.29,
,Chester,ENG,,,52.3,924.04,
,Weston-Super-Mare,ENG,,,52.2,921.78,
,Kidderminster Harriers,ENG,,,52.1,919.52,
,Dorking Wanderers,ENG,,,51.6,908.23,
,Hornchurch,ENG,,,51.6,908.23,
,South Shields,ENG,,,51.6,908.23,
,Spennymoor Town,ENG,,,51.5,905.97,
,Maidstone United,ENG,,,51.5,905.97,
,Maidenhead United,ENG,,,51.4,903.71,
,Ebbesfleet United,ENG,,,51.2,899.2,
,Chelmsford City,ENG,,,50.8,890.17,
,Hemel Hempstead Town,ENG,,,50.6,885.65,
,Radcliffe,ENG,,,50.4,881.13,
,Curzon Ashton,ENG,,,50.2,876.62,
,Chorley,ENG,,,50.2,876.62,
,Buxton,ENG,,,50.1,874.36,
,Scarborough Athletic,ENG,,,50.0,872.1,
,Tenerife,ESP,,,71.3,1353.06,
,Atlético Madrileño,ESP,,,70.8,1341.77,
,Real Madrid Ii,ESP,,,70.4,1332.74,
,Ponferradina,ESP,,,70.4,1332.74,
,Rouen,FRA,,,68.3,1285.32,
,Dijon,FRA,,,68.3,1285.32,
,Martigues,FRA,,,68.2,1283.06,
,Verl,GER,,,70.2,1328.22,
,Energie Cottbus,GER,,,70.0,1323.7,
,Rot-Weiss Essen,GER,,,69.8,1319.19,
,Kalamata,GRE,,,62.7,1158.87,
,Iraklis 1908,GRE,,,61.3,1127.26,
,Panionios,GRE,,,58.8,1070.81,
,Athens Kallithea,GRE,,,57.0,1030.16,
,Niki Volos,GRE,,,56.6,1021.13,
,Olympiakos Piraeus Ii,GRE,,,54.9,982.74,
,Pas Giannina,GRE,,,54.1,964.68,
,Paok Ii,GRE,,,53.9,960.16,
,Chania,GRE,,,53.7,955.65,
,Asteras Tripolis Ii,GRE,,,53.5,951.13,
,Anagennisi Karditsas,GRE,,,53.4,948.87,
,Marko,GRE,,,52.0,917.26,
,Egaleo,GRE,,,51.8,912.75,
,Ellas Syros,GRE,,,51.4,903.71,
,Kavala,GRE,,,51.3,901.46,
,Nestos Chrisoupolis,GRE,,,51.2,899.2,
,Vasas,HUN,,,65.7,1226.61,
,Honvéd,HUN,,,63.7,1181.45,
,Mezőkövesd,HUN,,,63.3,1172.42,
,Kecskemét,HUN,,,62.9,1163.38,
,Szeged-Csanád,HUN,,,62.5,1154.35,
,Fehérvár,HUN,,,61.0,1120.48,
,Csákvári Tk,HUN,,,60.9,1118.22,
,Kozármisleny,HUN,,,60.4,1106.93,
,Karcgag,HUN,,,60.4,1106.93,
,Szentlőrinc Se,HUN,,,59.7,1091.13,
,Soroksár Sc,HUN,,,59.3,1082.1,
,Tiszakécske,HUN,,,58.6,1066.29,
,Ajka,HUN,,,58.2,1057.26,
,Bvsc Zugló,HUN,,,58.1,1055.0,
,Nagykanizsa,HUN,,,57.8,1048.23,
,Békéscsaba,HUN,,,57.6,1043.71,
,Budafoki Mte,HUN,,,57.6,1043.71,
,Gyirmót,HUN,,,57.3,1036.94,
,Brescia,ITA,,,71.7,1362.09,
,Vicenza,ITA,,,69.1,1303.38,
,Arezzo,ITA,,,66.9,1253.71,
,Catania,ITA,,,66.2,1237.9,
,Ado Den Haag,NED,,,69.6,1314.67,
,Cambuur,NED,,,66.4,1242.42,
,Rkc Waalwijk,NED,,,65.6,1224.35,
,Willem Ii,NED,,,64.4,1197.25,
,De Graafschap,NED,,,63.7,1181.45,
,Dordrecht,NED,,,63.6,1179.19,
,Roda Jc,NED,,,62.9,1163.38,
,Almere City,NED,,,62.8,1161.13,
,Vitesse,NED,,,62.3,1149.84,
,Quick Boys,NED,,,62.2,1147.58,
,Az Ii,NED,,,61.4,1129.51,
,Den Bosch,NED,,,61.1,1122.74,
,Emmen,NED,,,60.4,1106.93,
,Psv Ii,NED,,,60.0,1097.9,
,Helmond Sport,NED,,,59.8,1093.39,
,Vvv,NED,,,59.3,1082.1,
,Mvv,NED,,,58.6,1066.29,
,Eindhoven,NED,,,58.6,1066.29,
,Almere City Ii,NED,,,58.5,1064.03,
,Afc,NED,,,57.8,1048.23,
,Spakenburg,NED,,,57.8,1048.23,
,Aalesund,NOR,,,66.9,1253.71,
,Kongsvinger,NOR,,,66.7,1249.19,
,Lyn,NOR,,,66.3,1240.16,
,Start,NOR,,,65.6,1224.35,
,Egersund,NOR,,,65.5,1222.09,
,Ranheim,NOR,,,63.7,1181.45,
,Sogndal,NOR,,,63.7,1181.45,
,Strømmen,NOR,,,62.7,1158.87,
,Stabæk,NOR,,,62.1,1145.32,
,Tromsdalen,NOR,,,60.9,1118.22,
,Moss,NOR,,,60.8,1115.97,
,Grorud,NOR,,,60.6,1111.45,
,Wisła Kraków,POL,,,71.6,1359.83,
,Polonia Warszawa,POL,,,64.6,1201.77,
,Miedź Legnica,POL,,,64.6,1201.77,
,Polonia Bytom,POL,,,63.4,1174.67,
,Pogoń Grodzisk Maz.,POL,,,63.1,1167.9,
,Chrobry Głogów,POL,,,63.0,1165.64,
,Wieczysta Kraków,POL,,,63.0,1165.64,
,Pogoń Siedlce,POL,,,62.8,1161.13,
,Tychy,POL,,,62.0,1143.06,
,Górnik Łęczna,POL,,,61.5,1131.77,
,Odra Opole,POL,,,61.3,1127.26,
,Stal Rzeszów,POL,,,61.2,1125.0,
,Znicz Pruszków,POL,,,60.8,1115.97,
,Kotwica Kołobrzeg,POL,,,60.0,1097.9,
,Unia Skierniewice,POL,,,58.6,1066.29,
,Olimpia Grudziądz,POL,,,58.6,1066.29,
,Chojniczanka Chojnice,POL,,,58.3,1059.52,
,Stal Stalowa Wola,POL,,,58.1,1055.0,
,Legia Warszawa Ii,POL,,,58.0,1052.74,
,Resovia Rzeszów,POL,,,57.5,1041.45,
,Świt Szczecin,POL,,,57.0,1030.16,
,Barycz Sułów,POL,,,57.0,1030.16,
,Podbeskidzie,POL,,,56.7,1023.39,
,Podhale Nowy Targ,POL,,,56.6,1021.13,
,Śląsk Wrocław Ii,POL,,,56.2,1012.1,
,Avia Świdnik,POL,,,56.0,1007.58,
,Sokół Kleczew,POL,,,56.0,1007.58,
,Łomża,POL,,,55.8,1003.07,
,Zagłębie Sosnowiec,POL,,,55.8,1003.07,
,Sandecja Nowy Sącz,POL,,,55.6,998.55,
,Zawisza Bydgoszcz,POL,,,55.5,996.29,
,Rekord Bielsko-Biała,POL,,,55.4,994.03,
,Hutnik Kraków,POL,,,55.1,987.26,
,Kalisz,POL,,,55.1,987.26,
,Lechia Zielona Góra,POL,,,54.7,978.23,
,Górnik Polkowice,POL,,,54.5,973.71,
,Kluczbork,POL,,,54.3,969.2,
,Goczałkowice Zdrój,POL,,,54.3,969.2,
,Siarka Tarnobrzeg,POL,,,54.1,964.68,
,Lech Poznań Ii,POL,,,54.1,964.68,
,Warta Sieradz,POL,,,53.9,960.16,
,Wisła Puławy,POL,,,53.8,957.91,
,Kszo 1929,POL,,,53.6,953.39,
,Zagłębie Lubin Ii,POL,,,53.4,948.87,
,Carina Gubin,POL,,,53.3,946.62,
,Ząbkowia Ząbki,POL,,,53.2,944.36,
,Jastrzębie,POL,,,52.8,935.33,
,Elana Toruń,POL,,,52.7,933.07,
,Sparta Katowice,POL,,,52.7,933.07,
,Błękitni Stargard,POL,,,52.6,930.81,
,Łks Łódź Ii,POL,,,52.6,930.81,
,Polonia Środa Wlkp.,POL,,,52.5,928.55,
,Skra Częstochowa,POL,,,52.5,928.55,
,Chełmianka Chełm,POL,,,52.1,919.52,
,Star Starachowice,POL,,,51.9,915.0,
,Ruch Zdzieszowice,POL,,,51.9,915.0,
,Podlasie Biała Podlaska,POL,,,51.6,908.23,
,Mazovia Mińsk Mazowiecki,POL,,,51.4,903.71,
,Warta Gorzów,POL,,,51.1,896.94,
,Jarosław,POL,,,51.1,896.94,
,Wigry Suwałki,POL,,,50.9,892.42,
,Chemik Bydgoszcz,POL,,,50.8,890.17,
,Wiślanie Skawina,POL,,,50.7,887.91,
,Olimpia Zambrów,POL,,,50.7,887.91,
,Korona Kielce Ii,POL,,,50.7,887.91,
,Bałtyk Koszalin,POL,,,50.7,887.91,
,Luzino,POL,,,50.5,883.39,
,Cartusia Kartuzy,POL,,,50.4,881.13,
,Świt,POL,,,50.2,876.62,
,Pogoń-Sokół Lubaczów,POL,,,50.1,874.36,
,Olimpia Elbląg,POL,,,50.1,874.36,
,Górnik Zabrze Ii,POL,,,50.1,874.36,
,Hutnik Warszawa,POL,,,50.0,872.1,
,Flota Świnoujście,POL,,,49.9,869.84,
,Broń Radom,POL,,,49.9,869.84,
,Orzeł Ryczów,POL,,,49.9,869.84,
,Wisła Płock Ii,POL,,,49.7,865.33,
,Lechia Tomaszów Maz.,POL,,,49.7,865.33,
,Pogoń Szczecin Ii,POL,,,49.7,865.33,
,Unia Swarzędz,POL,,,49.6,863.07,
,Raków Częstochowa Ii,POL,,,49.6,863.07,
,Grom Nowy Staw,POL,,,49.5,860.81,
,Karkonosze Jelenia Góra,POL,,,49.4,858.55,
,Noteć Czarnków,POL,,,49.2,854.04,
,Wisłoka Dębica,POL,,,49.0,849.52,
,Stal Kraśnik,POL,,,48.9,847.26,
,Polonia Nysa,POL,,,48.9,847.26,
,Widzew Łódź Ii,POL,,,48.8,845.01,
,Cosmos Nowotaniec,POL,,,48.8,845.01,
,Drama Zbrosławice,POL,,,48.8,845.01,
,Kotwica Kórnik,POL,,,48.8,845.01,
,Gedania Gdańsk,POL,,,48.7,842.75,
,Odra Bytom Odrański,POL,,,48.7,842.75,
,Kts Weszło,POL,,,48.7,842.75,
,Czarni Połaniec,POL,,,48.6,840.49,
,Biali Sadów,POL,,,48.6,840.49,
,Troszyn,POL,,,48.6,840.49,
,Pogoń Nowe Skalmierzyce,POL,,,48.5,838.23,
,Ruch Wysokie Mazowieckie,POL,,,48.5,838.23,
,Piast Żmigród,POL,,,48.5,838.23,
,Row Rybnik,POL,,,48.4,835.97,
,Hetman Zamość,POL,,,48.3,833.72,
,Radomsko,POL,,,48.3,833.72,
,Miedź Legnica Ii,POL,,,48.3,833.72,
,Jagiellonia Ii,POL,,,48.3,833.72,
,Małapaniew Ozimek,POL,,,48.3,833.72,
,Kłuczevia Stargard,POL,,,48.1,829.2,
,Ślęza Wrocław,POL,,,48.1,829.2,
,Łada Biłgoraj,POL,,,48.1,829.2,
,Słowianin Wolibórz,POL,,,48.1,829.2,
,Bełchatów,POL,,,48.1,829.2,
,Wda Świecie,POL,,,48.1,829.2,
,Pogoń Mogilno,POL,,,48.0,826.94,
,Busko-Zdrój,POL,,,48.0,826.94,
,Tomasovia Tomaszów,POL,,,47.9,824.68,
,Podlesianka,POL,,,47.8,822.43,
,Igloopol Dębica,POL,,,47.7,820.17,
,Cracovia Kraków Ii,POL,,,47.6,817.91,
,Izolator Boguchwała,POL,,,47.5,815.65,
,Mieszko Gniezno,POL,,,47.5,815.65,
,Vizela,POR,,,70.8,1341.77,
,Torreense,POR,,,69.8,1319.19,
,Boavista,POR,,,69.7,1316.93,
,União De Leiria,POR,,,69.1,1303.38,
,Chaves,POR,,,69.1,1303.38,
,Marítimo,POR,,,68.8,1296.61,
,Farense,POR,,,68.3,1285.32,
,Académico Viseu,POR,,,68.1,1280.8,
,Benfica Ii,POR,,,68.1,1280.8,
,Sporting Cp Ii,POR,,,68.1,1280.8,
,Felgueiras 1932,POR,,,67.2,1260.48,
,Penafiel,POR,,,66.3,1240.16,
,Feirense,POR,,,65.9,1231.13,
,Paços De Ferreira,POR,,,65.5,1222.09,
,Lusitania Lourosa,POR,,,65.2,1215.32,
,Portimonense,POR,,,64.5,1199.51,
,Leixões,POR,,,64.5,1199.51,
,Mafra,POR,,,63.9,1185.96,
,Sporting Braga Ii,POR,,,63.9,1185.96,
,Porto Ii,POR,,,63.8,1183.71,
,Varzim,POR,,,63.5,1176.93,
,Corvinul Hunedoara,ROM,,,66.1,1235.64,
,Csa Steaua București,ROM,,,64.6,1201.77,
,Voluntari,ROM,,,64.1,1190.48,
,As Fc Buzău,ROM,,,64.0,1188.22,
,Sepsi,ROM,,,63.7,1181.45,
,Csm Reșița,ROM,,,62.6,1156.61,
,Politehnica Iași,ROM,,,62.1,1145.32,
,Bihor Oradea,ROM,,,61.2,1125.0,
,Metalul Buzău,ROM,,,61.1,1122.74,
,Chindia Târgoviște,ROM,,,61.0,1120.48,
,Slatina,ROM,,,60.2,1102.42,
,Concordia Chiajna,ROM,,,59.9,1095.64,
,Asa Târgu Mureș,ROM,,,58.7,1068.55,
,Ceahlăul Piatra Neamț,ROM,,,58.1,1055.0,
,1599 Șelimbăr,ROM,,,58.1,1055.0,
,Afumați,ROM,,,58.0,1052.74,
,Unirea Ungheni,ROM,,,56.6,1021.13,
,Cs Dinamo București,ROM,,,56.4,1016.61,
,Gloria Bistrița,ROM,,,56.3,1014.36,
,Fc Bacău,ROM,,,56.2,1012.1,
,Mioveni,ROM,,,56.1,1009.84,
,Dumbrăvița,ROM,,,55.4,994.03,
,Focșani,ROM,,,55.0,985.0,
,St. Johnstone,SCO,,,64.4,1197.25,
,Partick Thistle,SCO,,,63.4,1174.67,
,Ayr United,SCO,,,61.7,1136.29,
,Raith Rovers,SCO,,,60.5,1109.19,
,Ross County,SCO,,,59.6,1088.87,
,Greenock Morton,SCO,,,59.1,1077.58,
,Dunfermline Athletic,SCO,,,58.9,1073.06,
,Arbroath,SCO,,,58.5,1064.03,
,Queen'S Park,SCO,,,55.2,989.52,
,Inverness Ct,SCO,,,55.1,987.26,
,Airdrieonians,SCO,,,55.0,985.0,
,Hamilton Academical,SCO,,,53.7,955.65,
,Alloa Athletic,SCO,,,52.2,921.78,
,Stenhousemuir,SCO,,,51.8,912.75,
,Queen Of The South,SCO,,,50.5,883.39,
,Celje,SLO,,,79.3,1533.7,
,Maribor,SLO,,,73.7,1407.25,
,Koper,SLO,,,72.3,1375.64,
,Bravo,SLO,,,71.0,1346.28,
,Olimpija,SLO,,,70.9,1344.03,
,Aluminij,SLO,,,65.8,1228.87,
,Radomlje,SLO,,,65.8,1228.87,
,Primorje,SLO,,,65.4,1219.84,
,Mura,SLO,,,65.1,1213.06,
,Domžale,SLO,,,63.2,1170.16,
,Brinje Grosuplje,SLO,,,62.7,1158.87,
,Nafta,SLO,,,62.3,1149.84,
,Triglav,SLO,,,61.2,1125.0,
,Tabor Sežana,SLO,,,59.7,1091.13,
,Bistrica,SLO,,,58.3,1059.52,
,Beltinci,SLO,,,57.2,1034.68,
,Gorica,SLO,,,55.3,991.78,
,Dravinja,SLO,,,54.5,973.71,
,Bilje,SLO,,,54.2,966.94,
,Rudar Velenje,SLO,,,53.5,951.13,
,Krka,SLO,,,53.2,944.36,
,Slovan Ljubljana,SLO,,,52.4,926.29,
,Dekani,SLO,,,51.6,908.23,
,Ilirija Ljubljana,SLO,,,50.5,883.39,
,Dob,SLO,,,50.4,881.13,
,Krško Posavje,SLO,,,50.1,874.36,
,Zemun,SRB,,,59.5,1086.61,
,Mladost Novi Sad,SRB,,,58.6,1066.29,
,Voždovac,SRB,,,58.1,1055.0,
,Mačva Šabac,SRB,,,57.7,1045.97,
,Jedinstvo Ub,SRB,,,57.4,1039.19,
,Tekstilac Odžaci,SRB,,,56.7,1023.39,
,Grafičar,SRB,,,56.3,1014.36,
,Traval Kruševac,SRB,,,55.5,996.29,
,Teleoptik,SRB,,,55.4,994.03,
,Ofk Vršac,SRB,,,55.4,994.03,
,Dinamo Jug,SRB,,,54.7,978.23,
,Fap,SRB,,,54.7,978.23,
,Smederevo 1924,SRB,,,54.6,975.97,
,Radnički Sr. Mitrovica,SRB,,,54.2,966.94,
,Yverdon Sport,SUI,,,66.9,1253.71,
,Vaduz,SUI,,,66.7,1249.19,
,Stade-Lausanne-Ouchy,SUI,,,66.2,1237.9,
,Xamax,SUI,,,63.4,1174.67,
,Etoile Carouge,SUI,,,62.2,1147.58,
,Wil,SUI,,,61.3,1127.26,
,Kriens,SUI,,,61.1,1122.74,
,Stade Nyonnais,SUI,,,60.6,1111.45,
,Rapperswil-Jona,SUI,,,60.5,1109.19,
,Bellinzona,SUI,,,59.2,1079.84,
,Biel-Bienne,SUI,,,58.8,1070.81,
,Bavois,SUI,,,58.1,1055.0,
,Yf Juventus,SUI,,,56.4,1016.61,
,Basel Ii,SUI,,,56.3,1014.36,
,Brühl,SUI,,,55.7,1000.81,
,Young Boys Ii,SUI,,,55.5,996.29,
,Cham,SUI,,,54.1,964.68,
,Örgryte,SWE,,,66.4,1242.42,
,Oddevolds,SWE,,,64.8,1206.29,
,Falkenberg,SWE,,,64.3,1195.0,
,Varberg,SWE,,,64.1,1190.48,
,Helsingborg,SWE,,,63.3,1172.42,
,Landskrona,SWE,,,63.1,1167.9,
,Brage,SWE,,,62.8,1161.13,
,Nordic United,SWE,,,62.3,1149.84,
,Stockholm Inter,SWE,,,62.2,1147.58,
,Sandviken,SWE,,,62.2,1147.58,
,Sundsvall,SWE,,,62.1,1145.32,
,Utsikten,SWE,,,61.9,1140.8,
,Bodrum Fk,TUR,,,66.7,1249.19,
,Esenler Erokspor,TUR,,,65.6,1224.35,
,Erzurumspor Fk,TUR,,,65.3,1217.58,
,Bandirmaspor,TUR,,,64.8,1206.29,
,Çorum,TUR,,,64.4,1197.25,
,Boluspor,TUR,,,64.3,1195.0,
,Iğdir Fk,TUR,,,64.3,1195.0,
,Amed,TUR,,,64.1,1190.48,
,İstanbulspor,TUR,,,64.1,1190.48,
,Pendikspor,TUR,,,64.0,1188.22,
,Sivasspor,TUR,,,63.0,1165.64,
,Vanspor,TUR,,,63.0,1165.64,
,Sakaryaspor,TUR,,,62.7,1158.87,
,Ankara Keçiörengücü,TUR,,,61.7,1136.29,
,Serik Spor,TUR,,,60.9,1118.22,
,Batman Petrolspor,TUR,,,60.2,1102.42,
,Ümraniyespor,TUR,,,59.6,1088.87,
,Sariyer,TUR,,,59.6,1088.87,
,Manisa Fk,TUR,,,59.4,1084.35,
,Hatayspor,TUR,,,59.3,1082.1,
,Elaziğspor,TUR,,,58.4,1061.77,
,Wolfsberger Ac,AUT,,,76.9,1479.51,
,Rapid,AUT,,,74.1,1416.28,
,Blau-Weiss Linz,AUT,,,68.6,1292.09,
,Wsg Tirol,AUT,,,68.6,1292.09,
,Rheindorf Altach,AUT,,,67.6,1269.51,
,Grazer Ak,AUT,,,66.7,1249.19,
,Club Brugge,BEL,,,88.8,1748.21,
,Union Saint-Gilloise,BEL,,,87.7,1723.37,
,Sporting Charleroi,BEL,,,77.2,1486.28,
,Sint-Truiden,BEL,,,76.6,1472.73,
,Standard Liège,BEL,,,75.2,1441.12,
,Raal La Louvière,BEL,,,74.9,1434.35,
,Oh Leuven,BEL,,,73.9,1411.77,
,Levski Sofia,BUL,,,76.5,1470.47,
,Ludogorets Razgrad,BUL,,,75.2,1441.12,
,Cherno More Varna,BUL,,,71.4,1355.32,
,Arda Kardzhali,BUL,,,66.9,1253.71,
,Lokomotiv Plovdiv,BUL,,,66.7,1249.19,
,Lokomotiv Sofia 1929,BUL,,,66.0,1233.38,
,Dobrudzha 1919,BUL,,,61.9,1140.8,
,Krumovgrad,BUL,,,53.4,948.87,
,Pirin Blagoevgrad,BUL,,,51.9,915.0,
,Hebar 1918,BUL,,,51.7,910.49,
,Hajduk Split,CRO,,,78.2,1508.86,
,Slaven Koprivnica,CRO,,,73.9,1411.77,
,Varaždin,CRO,,,73.9,1411.77,
,Lokomotiva Zagreb,CRO,,,73.2,1395.96,
,Viktoria Plzeň,CZE,,,81.2,1576.6,
,Hradec Králové,CZE,,,73.6,1404.99,
,Baník Ostrava,CZE,,,72.9,1389.19,
,Zlín,CZE,,,72.0,1368.86,
,Karviná,CZE,,,71.8,1364.35,
,Bohemians 1905,CZE,,,70.5,1334.99,
,Dukla Praha,CZE,,,68.6,1292.09,
,Mladá Boleslav,CZE,,,68.2,1283.06,
,Slovácko,CZE,,,67.2,1260.48,
,København,DEN,,,81.7,1587.89,
,Brøndby,DEN,,,79.5,1538.21,
,Agf,DEN,,,78.7,1520.15,
,Nordsjælland,DEN,,,75.9,1456.93,
,Sønderjyske,DEN,,,74.0,1414.02,
,Ob,DEN,,,72.5,1380.15,
,Manchester City,ENG,,,98.2,1960.46,
,Newcastle United,ENG,,,93.2,1847.56,
,Brighton & Hove Albion,ENG,,,92.4,1829.5,
,Tottenham Hotspur,ENG,,,91.5,1809.18,
,Afc Bournemouth,ENG,,,91.4,1806.92,
,Manchester United,ENG,,,91.2,1802.4,
,Nottingham Forest,ENG,,,87.5,1718.86,
,West Ham United,ENG,,,86.6,1698.53,
,Leeds United,ENG,,,85.1,1664.66,
,Wolverhampton Wanderers,ENG,,,84.4,1648.86,
,Coventry City,ENG,,,83.9,1637.57,
,Ipswich Town,ENG,,,81.4,1581.12,
,Leicester City,ENG,,,80.2,1554.02,
,Stoke City,ENG,,,79.5,1538.21,
,Preston North End,ENG,,,79.2,1531.44,
,Hull City,ENG,,,78.7,1520.15,
,West Bromwich Albion,ENG,,,78.6,1517.89,
,Birmingham City,ENG,,,78.6,1517.89,
,Derby County,ENG,,,78.5,1515.63,
,Charlton Athletic,ENG,,,78.3,1511.12,
,Blackburn Rovers,ENG,,,77.4,1490.8,
,Swansea City,ENG,,,77.4,1490.8,
,Queens Park Rangers,ENG,,,77.3,1488.54,
,Oxford United,ENG,,,75.7,1452.41,
,Norwich City,ENG,,,75.4,1445.64,
,Sheffield Wednesday,ENG,,,74.5,1425.31,
,Atlético De Madrid,ESP,,,92.2,1824.98,
,Real Betis,ESP,,,87.2,1712.08,
,Athletic Club,ESP,,,85.4,1671.44,
,Celta De Vigo,ESP,,,84.9,1660.15,
,Real Sociedad,ESP,,,83.0,1617.24,
,Alavés,ESP,,,82.4,1603.7,
,Real Oviedo,ESP,,,78.7,1520.15,
,Almería,ESP,,,76.9,1479.51,
,Racing De Santander,ESP,,,76.7,1474.99,
,Leganés,ESP,,,76.0,1459.18,
,Deportivo De La Coruña,ESP,,,75.6,1450.15,
,Cádiz,ESP,,,75.3,1443.38,
,Real Valladolid,ESP,,,74.3,1420.8,
,Córdoba,ESP,,,74.2,1418.54,
,Mirandés,ESP,,,73.9,1411.77,
,Sporting De Gijón,ESP,,,73.7,1407.25,
,Castellón,ESP,,,73.3,1398.22,
,Málaga,ESP,,,72.8,1386.93,
,Cultural Leonesas,ESP,,,72.6,1382.41,
,Real Sociedad Ii,ESP,,,72.3,1375.64,
,Paris Saint-Germain,FRA,,,96.1,1913.04,
,Olympique Marseille,FRA,,,86.5,1696.28,
,Olympique Lyonnais,FRA,,,86.1,1687.24,
,Angers Sco,FRA,,,77.7,1497.57,
,Saint-Étienne,FRA,,,73.2,1395.96,
,Amiens Sc,FRA,,,69.6,1314.67,
,Bayern München,GER,,,98.3,1962.72,
,Borussia Dortmund,GER,,,92.1,1822.72,
,Bayer Leverkusen,GER,,,90.6,1788.85,
,Eintracht Frankfurt,GER,,,87.3,1714.34,
,Werder Bremen,GER,,,84.0,1639.82,
,Mainz 05,GER,,,83.3,1624.02,
,Borussia M'Gladbach,GER,,,81.1,1574.34,
,Köln,GER,,,81.0,1572.08,
,Hamburger Sv,GER,,,79.2,1531.44,
,St. Pauli,GER,,,78.1,1506.6,
,Kaiserslautern,GER,,,76.8,1477.25,
,Karlsruher Sc,GER,,,76.8,1477.25,
,Hannover 96,GER,,,76.3,1465.96,
,Darmstadt 98,GER,,,76.0,1459.18,
,Hertha Bsc,GER,,,75.7,1452.41,
,Holstein Kiel,GER,,,75.4,1445.64,
,Schalke 04,GER,,,75.3,1443.38,
,Fortuna Düsseldorf,GER,,,74.2,1418.54,
,Arminia Bielefeld,GER,,,73.6,1404.99,
,Nürnberg,GER,,,72.9,1389.19,
,Preussen Münster,GER,,,72.7,1384.67,
,Dynamo Dresden,GER,,,71.3,1353.06,
,Greuther Fürth,GER,,,71.1,1348.54,
,Eintracht Braunschweig,GER,,,70.5,1334.99,
,Olympiakos Piraeus,GRE,,,85.1,1664.66,
,Aek Athens,GRE,,,78.3,1511.12,
,Levadiakos,GRE,,,73.0,1391.44,
,Volos Nfc,GRE,,,69.9,1321.45,
,Kifisia,GRE,,,69.1,1303.38,
,Panaitolikos,GRE,,,68.7,1294.35,
,Larissa,GRE,,,67.3,1262.74,
,Ferencváros,HUN,,,81.1,1574.34,
,Paks,HUN,,,75.7,1452.41,
,Győri Eto,HUN,,,75.1,1438.86,
,Puskás,HUN,,,74.3,1420.8,
,Kisvárda,HUN,,,70.8,1341.77,
,Újpest,HUN,,,70.5,1334.99,
,Diósgyőr,HUN,,,69.8,1319.19,
,Zalaegerszeg,HUN,,,69.1,1303.38,
,Nyíregyháza Spartacus,HUN,,,68.2,1283.06,
,Internazionale,ITA,,,93.3,1849.82,
,Hellas Verona,ITA,,,77.6,1495.31,
,Südtirol,ITA,,,71.6,1359.83,
,Virtus Entella,ITA,,,70.8,1341.77,
,Sampadoria,ITA,,,70.1,1325.96,
,Az,NED,,,82.0,1594.66,
,Nec,NED,,,75.8,1454.67,
,Pec Zwolle,NED,,,71.8,1364.35,
,Fortuna Sittard,NED,,,71.7,1362.09,
,Nac Breda,NED,,,68.7,1294.35,
,Bodø / Glimt,NOR,,,82.9,1614.99,
,Tromsø,NOR,,,75.8,1454.67,
,Lillestrøm,NOR,,,73.5,1402.73,
,Vålerenga,NOR,,,73.1,1393.7,
,Sarpsborg 08,NOR,,,73.0,1391.44,
,Kfum,NOR,,,72.4,1377.9,
,Hamkam,NOR,,,72.4,1377.9,
,Strømsgodset,NOR,,,68.9,1298.87,
,Odd,NOR,,,62.2,1147.58,
,Raków Częstochowa,POL,,,80.0,1549.5,
,Jagiellonia Białystok,POL,,,79.1,1529.18,
,Lech Poznań,POL,,,78.7,1520.15,
,Górnik Zabrze,POL,,,78.4,1513.38,
,Legia Warszawa,POL,,,77.7,1497.57,
,Pogoń Szczecin,POL,,,76.3,1465.96,
,Korona Kielce,POL,,,75.7,1452.41,
,Wisła Płock,POL,,,75.3,1443.38,
,Gks Katowice,POL,,,74.6,1427.57,
,Radomiak Radom,POL,,,74.3,1420.8,
,Zagłębie Lubin,POL,,,74.0,1414.02,
,Widzew Łódź,POL,,,73.0,1391.44,
,Lechia Gdańsk,POL,,,72.7,1384.67,
,Arka Gdynia,POL,,,72.3,1375.64,
,Śląsk Wrocław,POL,,,66.8,1251.45,
,Łks Łódź,POL,,,64.5,1199.51,
,Puszcza Niepołomice,POL,,,64.2,1192.74,
,Ruch Chorzów,POL,,,63.8,1183.71,
,Stal Mielec,POL,,,62.0,1143.06,
,Warta Poznań,POL,,,60.2,1102.42,
,Sporting Cp,POR,,,89.1,1754.98,
,Sporting Braga,POR,,,83.2,1621.76,
,Famalicão,POR,,,78.7,1520.15,
,Vitória Guimarães,POR,,,78.0,1504.34,
,Estrela,POR,,,71.1,1348.54,
,Avs,POR,,,68.0,1278.54,
,Universitatea Craiova,ROM,,,76.5,1470.47,
,Rapid București,ROM,,,75.7,1452.41,
,Fcsb,ROM,,,75.6,1450.15,
,Botoșani,ROM,,,73.2,1395.96,
,Dinamo București,ROM,,,73.1,1393.7,
,Argeș,ROM,,,72.3,1375.64,
,Fcv Farul Constanța,ROM,,,72.2,1373.38,
,Oțelul Galați,ROM,,,71.9,1366.61,
,Petrolul 52,ROM,,,68.7,1294.35,
,St. Mirren,SCO,,,70.2,1328.22,
,Vojvodina,SRB,,,70.0,1323.7,
,Čukarički,SRB,,,66.3,1240.16,
,Radnički Kragujevac,SRB,,,66.3,1240.16,
,Ofk Beograd,SRB,,,65.8,1228.87,
,Železničar Pančevo,SRB,,,65.7,1226.61,
,Tsc,SRB,,,65.7,1226.61,
,Imt Novi Beograd,SRB,,,64.3,1195.0,
,Mladost Lučani,SRB,,,63.9,1185.96,
,Radnički Niš,SRB,,,63.5,1176.93,
,Javor,SRB,,,63.1,1167.9,
,Spartak Subotica,SRB,,,62.5,1154.35,
,Napredak,SRB,,,60.5,1109.19,
,Lausanne-Sport,SUI,,,76.0,1459.18,
,St. Gallen,SUI,,,74.9,1434.35,
,Zürich,SUI,,,72.2,1373.38,
,Mjällby,SWE,,,81.5,1583.37,
,Djurgården,SWE,,,77.4,1490.8,
,Malmö Ff,SWE,,,76.4,1468.22,
,Ifk Göteborg,SWE,,,74.9,1434.35,
,Sirius,SWE,,,74.0,1414.02,
,Häcken,SWE,,,73.7,1407.25,
,Öster,SWE,,,70.0,1323.7,
,Kalmar,SWE,,,69.9,1321.45,
,Norrköping,SWE,,,69.6,1314.67,
,Västerås,SWE,,,69.1,1303.38,
,Värnamo,SWE,,,67.4,1265.0,
,Fenerbahçe,TUR,,,85.4,1671.44,
,Beşiktaş,TUR,,,77.3,1488.54,
,Göztepe,TUR,,,76.4,1468.22,
,İstanbul Başakşehir,TUR,,,76.1,1461.44,
,Kasimpaşa,TUR,,,72.6,1382.41,
,Kayserispor,TUR,,,71.3,1353.06,
,Gençlerbirliği,TUR,,,71.2,1350.8,
,Eyüpspor,TUR,,,71.1,1348.54,
,Fatih Karagümrük,TUR,,,69.0,1301.12,
